"product_name","Item_ID","ebay_url","Item_Condition","Vertical","Seller_Name","Account_Manager","MSRP","list_price","%_off","Sum_of_GMV","Sum_of_Qty","Sum_of_Views/SI","Sum_of_Seller_rating","Sum_of_Buyer_Count","Sum_of_Defect_Rate","ebay_status","ebay_msrp","ebay_list_price","recal_perc_off"
"Toshiba Satellite Radius 11.6"" (500 GB Intel Pentium 2.66 GHz 4 GB) Tablet/Laptop Convertible - Satin Gold - L15W-B1208X","201468221529","http://ebay.com/itm/201468221529","New","Electronics","best_buy","Debra Russell","","399.99","",97996,"392","3.285714285714286",,"139","0.07468316632574504","Active",,399.99,
"Lenovo G51 15.6"" Laptop AMD A8 8GB 1TB DVD RW Win10 80M80020US notebook","201468353922","http://ebay.com/itm/201468353922","New","Electronics","best_buy","Debra Russell","329.99","319.99","0.03030394860450317",74237,"232","11.84913793103448",,"88","0.07468316632574504","Active",329.99,319.99,
"Smart 2wheels Electric Scooter Hover Board Unicycle Self Balancing Balance","361473768150","http://ebay.com/itm/361473768150","New","Lifestyle","soliddealio","Heath Smaellie","","229.99","",17019,"74","76.83783783783784",,"68","0.03081534012959328","Active",,229.99,
"1.50Ct Morganite & Natural Diamond 3 Stone Ring 14K Rose Gold","331607634979","http://ebay.com/itm/331607634979","New","Fashion","pompeii3","Jeremy Miller","1199.97","339.99","0.7166679166979174",14687,"48","230.1875",,"48","0.06455236207466138","Active",1199.97,339.99,
"Samsung Galaxy Note 3 Factory Unlocked SM-N900V 32GB - Black / White","161500298191","http://ebay.com/itm/161500298191","Refurbished","Electronics","guaranteecellular","Deb Nahvi","799.99","169.99","0.7875098438730485",13089,"77","234.3246753246753",,"70","0.04818909208887786","Active",,169.99,
"Motorola - Moto Hint Bluetooth Headset Multi black","201483445056","http://ebay.com/itm/201483445056","New","Electronics","best_buy","Debra Russell","","79.98999999999999","",12897,"215","76.94883720930233",,"178","0.07468316632574504","","","",""
"Canon EF 70-200mm F/2.8 II IS USM L Lens","171956743648","http://ebay.com/itm/171956743648","New","Electronics","deals-all-year","Jason Chin","2004.99","1754.99","0.1246889011915271",12284,"7","122.1428571428571",,"7","0.02930708486264042","Active",,1754.99,
"Lego Creator Expert 10247 Ferris Wheel Set 2015 Fair Carnival","271975218718","http://ebay.com/itm/271975218718","New","Collectibles","targetstores","Mary Hubbard","","199.99","",10599,"53","15.45283018867925",,"48","0.03042629015862509","Active",,199.99,
"Bluetooth Wireless Headset Stereo Headphone Earphone Sport Handfree Universal","371378758681","http://ebay.com/itm/371378758681","New","Electronics","batterygallery","Bryan Bellew","14.99","8.949999999999999","0.4029352901934624",10050,"1123","18.04986642920748",,"918","0.0208989361458319","Active",,8.95,
"Jockey Mens Staycool Boxer Brief 3 Pack Underwear Boxer Briefs 100% cotton","191786993606","http://ebay.com/itm/191786993606","New","Fashion","jockeystore","Anne Hill","","5.99","",9793,"1635","6.970030581039755",,"1007","0.03843544701513853","Active",29.5,5.99,
"Black Touch Screen Digitizer + LCD Display Assembly for iPhone 5C Replacement US","401031962870","http://ebay.com/itm/401031962870","New","Electronics","gameinfinity","Bryan Bellew","","42.95","",9191,"214","14.40654205607477",,"158","0.03441913174870692","Active",,43.95,
"WATERPROOF SHOCKPROOF DIRT PROOF CASE COVER FOR APPLE IPHONE 6 & 6 PLUS","371345961432","http://ebay.com/itm/371345961432","New","Electronics","batterygallery","Bryan Bellew","","9.949999999999999","",8397,"844","24.59834123222749",,"750","0.0208989361458319","Active",,9.95,
"HP 61 Black Tri-color Ink Cartridges","361469974230","http://ebay.com/itm/361469974230","New","Electronics","imagewarehouse1","Jay Wong","","28.69","",7975,"278","6.474820143884892",,"238","0.02025887084801123","Active",,28.69,
"White LCD Display+Touch Screen Digitizer Assembly Replacement for iPhone 5S OEM","141835941810","http://ebay.com/itm/141835941810","New","Electronics","gameinfinity","Bryan Bellew","","44.95","",7821,"174","22.79310344827586",,"131","0.03441913174870692","Active",,44.95,
"Apple iPhone 5c - 32GB (Unlocked) Smartphone - White Blue Green Pink Yellow","161770166670","http://ebay.com/itm/161770166670","Refurbished","Electronics","guaranteecellular","Deb Nahvi","699.99","158.99","0.7728681838311976",7589,"46","95.26086956521739",,"45","0.04818909208887786","Active",,158.99,
"OEM Original White Touch Digitizer LCD Screen Assembly for iPhone 6 Replacement","331464300495","http://ebay.com/itm/331464300495","New","Electronics","dazzlegames","Bryan Bellew","50","79.95","-0.5990000000000001",7355,"92","14.33695652173913",,"76","0.03127318661507613","Active",,79.95,
"Sony PlayStation 4 500GB Console with Call of Duty Black Ops 3 Bundle","272077975326","http://ebay.com/itm/272077975326","New","Electronics","targetstores","Mary Hubbard","","349.99","",7349,"21","479.952380952381",,"20","0.03042629015862509","Active",,349.99,
"Apple iPhone 5 16GB Verizon Wireless 4G LTE Black and White Smartphone","381359368247","http://ebay.com/itm/381359368247","Refurbished","Electronics","bidallies","Debra Russell","649","149.95","0.7689522342064715",7347,"49","175.2857142857143",,"43","0.04577581658927891","Active",,149.95,
"AT&T GoPhone - ZTE Zmax 2 Gen 4G with 16GB Memory No-Contract Cell Phone - Black","191794679810","http://ebay.com/itm/191794679810","New","Electronics","best_buy","Debra Russell","","79.98999999999999","",7199,"90","12.52222222222222",,"51","0.07468316632574504","Active",99.99,79.99,
"DJI Phantom 3 4K Quadcopter Drone - 4K HD Camera WiFi - Model","331759451456","http://ebay.com/itm/331759451456","New","Electronics","adoramacamera","David Grim","","895","",7160,"8","64.375",,"8","0.02139738489073312","Active",,895,
"Apple MacBook Pro A1502 13.3"" Laptop - MF840LL/A (March 2015) (Latest Model)","191791830011","http://ebay.com/itm/191791830011","Refurbished","Electronics","6ave","Debra Russell","","1388.77","",6369,"5","15",,"2","0.03592913061392666","Active",,1388.77,
"Tamron 16-300mm f/3.5-6.3 Di II VC PZD MACRO Lens - Plus $230 in Mail-In Rebates","321984870273","http://ebay.com/itm/321984870273","New","Electronics","buydig","Debra Russell","","629","",6290,"10","120.4",,"10","0.04301844332895764","Active",,629,
"Philips Norelco SensoTouch 1150X Cordless Rechargeable  Men's Electric Shaver","301562526507","http://ebay.com/itm/301562526507","New","Fashion","targetstores","Mary Hubbard","99.98999999999999","69.98999999999999","0.3000300030003",6159,"88","3.181818181818182",,"46","0.03042629015862509","Active",,99.99,
"Lenovo Thinkpad T440 20B6005Eus 14"" Led Ultrabook - Intel Core I7 I7-4600U Dual-","351621277094","http://ebay.com/itm/351621277094","New","Electronics","geekdeal","Deb Nahvi","","659.95","",5919,"9","6.777777777777778",,"1","0.05185016854145362","Active",1349,659.95,
"Genuine Beats by Dr. Dre Powerbeats 2 Wireless In-Ear Headphones w/ RemoteTalk","331698265071","http://ebay.com/itm/331698265071","Refurbished","Electronics","buyspry","Scott Lacharite","199.99","99.98999999999999","0.5000250012500626",5899,"59","79.20338983050847",,"58","0.04526665081144747","Active",,99.99,
"Sky Enterprise USA 84 X 84 Manual Projection Projection Screen Pull Down 119 Screen 116"" 1:1 Projector Screen","310900765979","http://ebay.com/itm/310900765979","New","Business & Industrial","bestchoiceproducts","Thomas Benge","129.95","64.95","0.5001923816852635",5845,"90","8.333333333333334",,"14","0.0275042526174561","Active",129.95,64.95,
"17x9 Ion Alloy 171 171B 6x5.5 00 108 285 70R17 Nitto Terra Grappler G2 Wheels &","331586362799","http://ebay.com/itm/331586362799","New","Parts & Accessories","tirebuyer","Todd Elledge","","723.96","",5791,"8","121.5",,"8","0.01154448450416985","Active",,723.96,
"Lenovo Thinkpad T450s FHD 1080P IPS i7-5600U 12GB 256GB SSD Ultrabook Laptop","151946981909","http://ebay.com/itm/151946981909","New","Electronics","asarathburn","Aaron Schultz","","1129","",5645,"5","69.8",,"5","0.02847955902618282","Active",,1129,
"Apple MacBook Air A1465 11.6"" Laptop - MD711LL/A (June 2013)","131544614302","http://ebay.com/itm/131544614302","Refurbished","Electronics","tekreplay","Jana Marcy","999","559.99","0.4394494494494494",5599,"10","564.5",,"10","0.05264491168274878","Active",,559.99,
"Drywall Painters Walking Stilts Taping Finishing Tools - Adjustable 48"" - 64""","301637395512","http://ebay.com/itm/301637395512","New","Business & Industrial","assortedtools","Laura Kelleher","539.99","136.79","0.7466804940832238",5471,"40","26.3",,"25","0.01679963448494007","Active",539.99,136.79,
"Dell UltraSharp U2515H 25"" IPS Monitor","391312841103","http://ebay.com/itm/391312841103","New","Electronics","adoramacamera","David Grim","","359","",5385,"15","5.666666666666667",,"3","0.02139738489073312","Active",,359,
"17x9 Ion Alloy 171 171MB 8x6.5 00 130.8 LT285 70R17 Nitto Terra Grappler G2 Whe","221805397285","http://ebay.com/itm/221805397285","New","Parts & Accessories","tirebuyer","Todd Elledge","","595.96","",5363,"9","131.7777777777778",,"9","0.01154448450416985","Active",,595.96,
"Canon EOS 70D 20.2 MP Digital SLR Camera - Black (Kit w/ EF-S IS STM 18-55mm Lens)","141793629910","http://ebay.com/itm/141793629910","New","Electronics","getitdigital","Debra Russell","1759.99","1069.99","0.3920476820891028",5349,"5","4.2",,"1","0.02681721947776994","Active",2351.99,1069.99,
"Amazon Firefly AT&T 32GB Smart Phone With Battery Charger Case","171855373654","http://ebay.com/itm/171855373654","New","Electronics","qualitycellz","Jason Chin","449.99","109.99","0.7555723460521345",5279,"48","80.85416666666667",,"44","0.04942278299892686","Active",,109.99,
"High Quality Film Real Premium Tempered Glass Screen Protector for iPhone 5S 5C","311453826525","http://ebay.com/itm/311453826525","New","Electronics","valuebuybattery","Bryan Bellew","","3.95","",5194,"1315","6.969581749049429",,"1283","0.01970751232019233","Active",,3.95,
"Apple iPad Pro 128GB Wi-Fi 12.9in - Space Gray (Latest Model)","361447917276","http://ebay.com/itm/361447917276","New","Electronics","quickshipelectronics","David Grim","","849.99","",5099,"6","105.8333333333333",,"6","0.02756172967876998","Active",899.99,849.99,
"DELL E6410 14.1"" Laptop Intel Core i5 2.40 GHz 250 GB HDD 4 GB Memory","301827535760","http://ebay.com/itm/301827535760","Refurbished","Electronics","newegg","Jay Wong","","189.99","",4859,"27","320.1481481481482",,"26","0.0422244721112015","Active",299.99,189.99,
"LOT 2~Backwash Ceramic Shampoo Bowl Sink Unit Chair Station Spa Salon Equipment","400979836147","http://ebay.com/itm/400979836147","New","Fashion","gold3288gold","Dustin Waterfall","999.92","599.95","0.4000020001600127",4799,"8","15.25",,"8","0.02228884631634998","Active",999.92,599.95,
"Hands- Self-balancing Smart Board Swagway X1 Blue 2-Wheel Electric Scooter","311527206429","http://ebay.com/itm/311527206429","New","Lifestyle","claimthis","Jana Marcy","","399.99","",4799,"12","21.66666666666667",,"12","0.0463273699881406","Active",,399.99,
"Apple iPhone 5S 64GB Factory Unlocked GSM Smartphone w/ Siri & 8MP Camera","201507182623","http://ebay.com/itm/201507182623","Refurbished","Electronics","mobilepros1","Jason Chin","","239.99","",4799,"20","51.45",,"20","0.06102283232457135","Active",,239.99,
"LG G3 D850 - 32GB - 4G LTE (AT&T - Unlocked) Android Smartphone - FRB- ","191574396532","http://ebay.com/itm/191574396532","Refurbished","Electronics","qualitycellz","Jason Chin","899.99","169.99","0.8111201235569284",4759,"28","158.1071428571429",,"24","0.04942278299892686","Active",,169.99,
"Apple iPhone 5 16GB ""Factory Unlocked"" iOS Black and White Smartphone","361419051553","http://ebay.com/itm/361419051553","Refurbished","Electronics","bidallies","Debra Russell","649","169.95","0.7381355932203389",4758,"28","38.78571428571428",,"26","0.04577581658927891","Active",,169.95,
"Apple iPhone 5c - 32GB (Unlocked) Smartphone - White Blue Green Yellow Pink","311236114663","http://ebay.com/itm/311236114663","Refurbished","Electronics","youbuyrite","Brian Block","549.95","169.88","0.6910991908355305",4756,"28","55.5",,"26","0.0475395413009138","Active",,169.88,
"Samsung Galaxy Gear S SM-R750V Smart Watch Curved Verizon Charcoal Black","361416939384","http://ebay.com/itm/361416939384","Refurbished","Electronics","a4c","Debra Russell","499.99","179.95","0.6400928018560371",4678,"26","204.5769230769231",,"26","0.02946460931053894","Active",399.99,179.95,
"Apple iPhone 5c 16GB Verizon GSM Unlocked AT&T T-Mobile Smartphone 4G LTE - C","131643598911","http://ebay.com/itm/131643598911","Refurbished","Electronics","tekreplay","Jana Marcy","549","132.99","0.75775956284153",4654,"35","144.6",,"34","0.05264491168274878","Active",,132.99,
"Barnett Crossbow 78220 Ghost 410 Package CRT With Scope Arrows and Quiver","111545739976","http://ebay.com/itm/111545739976","New","Lifestyle","sportsmansoutfitters","Jana Marcy","1099.99","771.99","0.2981845289502632",4631,"6","115.6666666666667",,"6","0.01583861287095699","Active",1099.99,771.99,
"4 NEW LT31X10.50-15 NANKANG N889 MUDSTAR MUD 1050R R15 TIRES LR C","361417357989","http://ebay.com/itm/361417357989","New","Parts & Accessories","discounttiredirect","Todd Elledge","","540","",4600,"10","77.40000000000001",,"9","0.01317679265107043","Active",,540,
"200 #2 8.5x12 Ecolite Bubble Mailers Padded Envelopes Bags 8.5"" x 12"" USA Kraft","300525969756","http://ebay.com/itm/300525969756","New","Business & Industrial","threerb","Bradley Castle","71","35.94","0.4938028169014085",4564,"127","2.338582677165354",,"100","0.007779267021377415","Active",71,35.94,
"Powersmith Ash Vacuum Electric Pellet Stove Fireplace BBQ Grill Barbeque Hearth","271381308408","http://ebay.com/itm/271381308408","New","Home & Garden","greatbrands","Andy Gallup","99.98999999999999","73.5","0.2649264926492649",4547,"65","6.8",,"46","0.01945404842148404","Active",,73.5,
"Towing Black Manual Side Mirrors Left & Right Pair Set for Chevy GMC Pickup","370834643305","http://ebay.com/itm/370834643305","New","Parts & Accessories","am-autoparts","Joshua Brunner","327.85","89.63","0.7266127802348635",4481,"50","19.62",,"49","0.01565291726732347","Active",,89.63,
"Rokinon FE14M-C 14mm F/2.8 UMC IF ED Lens For Canon","351107880053","http://ebay.com/itm/351107880053","New","Electronics","bestpriceoptics","Brian Block","","319","",4466,"14","15.35714285714286",,"5","0.02227517612929963","Active",,319,
"Samsung Galaxy S4 SGH-I337M - 16GB - Black Mist (Unlocked) Smartphone","371527467595","http://ebay.com/itm/371527467595","New","Electronics","phonestoreusa","Jana Marcy","","184.99","",4439,"24","96",,"24","0.04703270084779976","Active",,184.99,
"Nikon D7100 24.1 MP Digital SLR Camera - Black (Body Only)","331566192438","http://ebay.com/itm/331566192438","New","Electronics","redtagcamera","Greg George","940.99","879.95","0.0648678519431662",4399,"5","60.6",,"5","0.02204228520017994","Active",,879.95,
"4 NEW P265/75-16 HANKOOK DYNAPRO ATM RF10 75R R16 TIRES ","191106192014","http://ebay.com/itm/191106192014","New","Parts & Accessories","discounttiredirect","Todd Elledge","","487","",4383,"9","84.66666666666667",,"9","0.01317679265107043","Active",,512,
"Dell Inspiron 11 2-In-1 Laptop Tablet 11.6"" Touch Intel Quad Core 500GB 4GB","401054858459","http://ebay.com/itm/401054858459","New","Electronics","blinq","Greg George","","290.59","",4358,"15","85.2",,"15","0.05710555165490312","Active",449.99,290.59,
"Nikon D7200 24.2 MP Digital SLR Camera - Black (Body Only)","191580293859","http://ebay.com/itm/191580293859","New","Electronics","6ave","Debra Russell","","847.1900000000001","",4235,"5","29",,"1","0.03592913061392666","Active",,847.19,
"150W Watt LED High Bay Light Bright White Lamp Lighting Fixture Factory Industry","381284752623","http://ebay.com/itm/381284752623","New","Business & Industrial","apluschoice","Thomas Benge","","154.9","",4217,"28","5.107142857142857",,"1","0.02573192196137733","Active",326.9,154.9,
"Bluetooth Wireless Headset Stereo Headphone Earphone Handfree Sport Universal","111711225668","http://ebay.com/itm/111711225668","New","Electronics","valuebuybattery","Bryan Bellew","14.99","7.99","0.466977985323549",4210,"527","18.53700189753321",,"446","0.01970751232019233","Active",,7.99,
"Apple iPad Pro 32GB Wi-Fi 12.9in - Silver (Latest Model)","141855542198","http://ebay.com/itm/141855542198","New","Electronics","quickshipelectronics","David Grim","","699.99","",4199,"6","104",,"6","0.02756172967876998","Active",799.99,699.99,
"Asus PT2001-04","262240342989","http://ebay.com/itm/262240342989","Refurbished","Electronics","deal_frenzy","Deb Nahvi","","419.95","",4194,"10","47.9",,"1","0.04872785766129823","Active",899.99,419.95,
"Samsung Unlocked SM-N910FZWEBTU","172063936828","http://ebay.com/itm/172063936828","New","Electronics","cellmall","Not Active","","429.88","",4174,"11","272.7272727272727",,"11","0.04540856468472519","Active",,429.88,
"Intex Ultra Plush Queen Raised Airbed Air Mattress Bed & Built-in Pump","390869455548","http://ebay.com/itm/390869455548","New","Home & Garden","vminnovations","Thomas Benge","129.99","49.99","0.615431956304331",4149,"83","21.24096385542169",,"78","0.01691695351935678","Active",129.99,49.99,
"Nitto Tire 275 60R20 116S Xl G2 33 2756020 275 60 20 Inch Tires","331586362816","http://ebay.com/itm/331586362816","New","Parts & Accessories","tirebuyer","Todd Elledge","","811.96","",4059,"5","92.8",,"5","0.01154448450416985","Active",,811.96,
"Bluetooth Wireless Headset Stereo Earphone Headphone Sport Handfree Universal","400932156006","http://ebay.com/itm/400932156006","New","Electronics","bateryconnection","Bryan Bellew","19.99","9.949999999999999","0.5022511255627814",4029,"405","22.54567901234568",,"347","0.02199746997937348","Active",,9.95,
"Apple iPad mini 1st Generation 16GB Wi-Fi + Cellular Verizon Black or White","161948131824","http://ebay.com/itm/161948131824","Refurbished","Electronics","guaranteecellular","Deb Nahvi","","149.99","",4004,"27","18.85185185185185",,"2","0.04818909208887786","Active",,149.99,
"Drywall Lift Jack - Panel Lifter Hanging Hoist - 11' Red","351403841079","http://ebay.com/itm/351403841079","New","Business & Industrial","assortedtools","Laura Kelleher","270.99","137.88","0.4911989372301561",3998,"29","16",,"29","0.01679963448494007","Active",551.99,137.88,
"Samsung - 40"" Class 40"" Diag. - LED - 2160p - Smart - 4K Ultra HD TV - Black","252240369969","http://ebay.com/itm/252240369969","New","Electronics","legendmicro-wholesale","Deb Nahvi","","495","",3960,"8","182.5",,"8","0.0502786853738228","Active",1079.99,495,
"Apple iPhone 5 16GB 4G LTE FACTORY UNLOCKED Clean ESN Black or White","161666914810","http://ebay.com/itm/161666914810","Refurbished","Electronics","guaranteecellular","Deb Nahvi","649.99","154.99","0.7615501776950414",3874,"25","726.4",,"24","0.04818909208887786","Active",,154.99,
"Apple iPhone 6 Plus 64GB GSM Unlocked 4G LTE Smartphone Gold Silver Space Gray","272110833343","http://ebay.com/itm/272110833343","Refurbished","Electronics","concept_electronics","David Grim","","549.99","",3849,"7","349.2857142857143",,"7","0.04932579382340148","Active",,549.99,
"Seagate - Wireless Mobile Storage 500GB External USB Portable Hard Drive - Blue","201483373569","http://ebay.com/itm/201483373569","New","Electronics","best_buy","Debra Russell","","79.98999999999999","",3849,"77","20.35064935064935",,"53","0.07468316632574504","Active",129.99,79.99,
"Lego Creator Expert Parisian Restaurant 10243 Modular Building Set Display Model","281628529123","http://ebay.com/itm/281628529123","New","Collectibles","targetstores","Mary Hubbard","160","159.99","6.249999999994316e-05",3839,"24","9.208333333333334",,"15","0.03042629015862509","Active",,159.99,
"Neato Robotics - Botvac D80 Bagless Robotic Vacuum - Ebony Arctic White 2015","301785490642","http://ebay.com/itm/301785490642","New","Home & Garden","targetstores","Mary Hubbard","","499.99","",3825,"9","46.44444444444444",,"6","0.03042629015862509","Active",,499.99,
"For Apple iPhone 6 6S Plus Shockproof Leather Ultra Thin Hard Back Stand Case","400914230916","http://ebay.com/itm/400914230916","New","Electronics","a-depot","Brian Block","24.99","9.99","0.6002400960384153",3816,"382","31.34293193717278",,"373","0.0178076486723249","Active",,9.99,
"Nokia Lumia 521 8GB Unlocked GSM Windows 8 Cell Phone - White with Case","131524316275","http://ebay.com/itm/131524316275","New","Electronics","shopcelldeals","Scott Lacharite","149.99","38.99","0.7400493366224414",3743,"96","15.67708333333333",,"60","0.02136458985753626","Active",,38.99,
"Titan 5 16 Quick Attach Attachment Mount Plate Skid steer bobcat kubota 516MP","361125355695","http://ebay.com/itm/361125355695","New","Business & Industrial","titanattachments","Michael Walsh","","129","",3741,"29","9.413793103448276",,"25","0.01369164663899206","Active",,129,
"Oral B Pro 1000 Toothbrush Deep or Healthy Clean + Extra Refill Head +Coupon","391298462781","http://ebay.com/itm/391298462781","New","Fashion","always.deals","Jason Chin","99.98999999999999","39.99","0.6000600060006001",3708,"106","2.632075471698113",,"6","0.04780630734829208","Active",,59.99,
"Capstar Flea Tablets for Cats & Dogs 2-25 lbs 6 Tablets Single box","351550094031","http://ebay.com/itm/351550094031","New","Home & Garden","blinq","Greg George","","19.49","",3683,"189","1.71957671957672",,"51","0.05710555165490312","Active",32.99,19.49,
"Apple iPhone 6 - 64GB AT&T (Factory Unlocked) Smartphone Gold Space Gray Silver","311404632748","http://ebay.com/itm/311404632748","Refurbished","Electronics","youbuyrite","Brian Block","649","459.88","0.2914021571648691",3679,"8","246",,"8","0.0475395413009138","This item is out of stock.","","",""
"Nikon Nikkor 50mm F/1.8 FX SWM AS SIC G M/A AF-S Lens","181507695642","http://ebay.com/itm/181507695642","New","Electronics","continentalphoto","Aaron Schultz","","159.95","",3678,"23","34.69565217391305",,"23","0.01307564609677618","Active",,159.95,
"HTC M7 32GB Verizon Unlocked 4G Smartphone beats audio HTC6500LVW Silver & Blue","371526810591","http://ebay.com/itm/371526810591","Refurbished","Electronics","bigdeals","Heath Smaellie","","64.98999999999999","",3639,"56","67.83928571428571",,"33","0.04717105463245506","Active",,64.99,
"HTC One M9 - 32GB - 4G LTE (AT&T Unlocked) Android Smartphone (Latest Model) N.O","191615790773","http://ebay.com/itm/191615790773","New","Electronics","qualitycellz","Jason Chin","899.99","329.99","0.6333403704485605",3629,"11","94.72727272727273",,"4","0.04942278299892686","Active",,329.99,
"K4MS Kreg Pocket Hole Mini Jig Master System 200 Extra Screws","311517972425","http://ebay.com/itm/311517972425","New","Business & Industrial","goodplace2shop","Andy Gallup","","139","",3614,"26","13.42307692307692",,"26","0.02876168473776682","Active",,139,
"LG LED TV 24"" Class 23.6"" Diag. - LED - 720p - HDTV - Black 24LF452B","191792776572","http://ebay.com/itm/191792776572","New","Electronics","best_buy","Debra Russell","","100.99","",3611,"43","13.13953488372093",,"35","0.07468316632574504","Active",,100.99,
"2 Stage 1100lbs Lift Auto Hydraulic Transmission Jack Dual 360D Swivel Wheels ","350978517779","http://ebay.com/itm/350978517779","New","Parts & Accessories","id-rack","Anne Weisman","","219.95","",3599,"18","14.83333333333333",,"18","0.02809103260869565","Active",,219.95,
"Swagway X1 Self balancing 2 wheels hover board electric scooter skateboard","221972332063","http://ebay.com/itm/221972332063","New","Lifestyle","claimthis","Jana Marcy","599.99","399.99","0.333338888981483",3599,"9","50.88888888888889",,"8","0.0463273699881406","Active",,399.99,
"Dorman Auto Automatic Locking Hub Front for Ford Excursion F250 F450 F350 F550","311228256369","http://ebay.com/itm/311228256369","New","Parts & Accessories","am-autoparts","Joshua Brunner","311.2","155.85","0.4991966580976864",3584,"23","15.69565217391304",,"16","0.01565291726732347","Active",,155.74,
"DeWalt 20V 20 Volt Max XR 4.0 Amp Lithium Ion Battery Packs 2 Pack DCB204-2","331477220297","http://ebay.com/itm/331477220297","New","Home & Garden","1_great_shop","Andy Gallup","","101.95","",3568,"35","18.8",,"31","0.01314015451452051","Active",,101.95,
"LG HBS-900 Silver Neckband Headsets","191679317872","http://ebay.com/itm/191679317872","New","Electronics","hi-pc","Greg George","69.98999999999999","29.49","0.5786540934419203",3568,"121","53.18181818181818",,"107","0.03221667456974701","Active",,29.49,
"Ray-Ban RB2140 Original Wayfarer Cosmo Flash Lens Sunglasses 50mm Made In Italy","381532831127","http://ebay.com/itm/381532831127","New","Fashion","shnoopcom","Jana Marcy","","54.99","",3519,"64","58.390625",,"43","0.01401853181522891","Active",,54.99,
"Samsung Galaxy Tab S2 SM-T810N 32GB Wi-Fi 9.7in - Black","191792777504","http://ebay.com/itm/191792777504","New","Electronics","best_buy","Debra Russell","","439.99","",3519,"10","32.6",,"10","0.07468316632574504","Active",,439.99,
"305 35 r 19 ll nitto nt 05 r drag radial tire set of 2","360885280284","http://ebay.com/itm/360885280284","New","Parts & Accessories","discounttiredirect","Todd Elledge","","502","",3514,"7","31.14285714285714",,"7","0.01317679265107043","Active",,502,
"Blade Chroma Quadcopter Camera Drone w CGO2 ST-10 2 Batteries Backpack BLH8693","311533894336","http://ebay.com/itm/311533894336","New","Collectibles","rcsuperstore","Garrison Ramoso","","699.99","",3499,"5","58.4",,"5","0.006858490060547608","Active",,1099.99,
"Bluetooth Wireless Headset Stereo Headphone Earphone Sport Universal Handfree","400928224262","http://ebay.com/itm/400928224262","New","Electronics","bateryconnection","Bryan Bellew","","9.99","",3496,"350","28.82571428571429",,"329","0.02199746997937348","Active",,9.99,
"OEM ORIGINAL GENUINE APPLE IPHONE 5 5S 5C 6 EARPODS EARPHONES W REMOTE & MIC","371520242893","http://ebay.com/itm/371520242893","New","Electronics","bigdeals","Heath Smaellie","","8.69","",3484,"401","6.987531172069826",,"298","0.04717105463245506","Active",39.99,8.69,
"MOBIL 104080 Synthetic Food Grade Gear Oil ISO 220","221556627488","http://ebay.com/itm/221556627488","New","Business & Industrial","zorotools","Jennifer Moore","","343.8","",3438,"10","0.4",,"2","0.01438707312768952","Active",,343.8,
"Nikon D7000 16.2MP DSLR Camera with 3.0-Inch LCD Body Only -","272064152004","http://ebay.com/itm/272064152004","Refurbished","Electronics","robertsdigital","Deb Nahvi","599.95","379","0.3682806900575049",3411,"9","112.6666666666667",,"8","0.02456451136699144","Active",799.99,379,
"Netgear N600 450 Mbps 4-Port Gigabit Wireless N Router (WNDR4500)","311441957514","http://ebay.com/itm/311441957514","Refurbished","Electronics","asavings","Greg George","149.99","39.95","0.7336489099273285",3395,"85","20.72941176470588",,"73","0.03159279549527792","Active",,39.95,
"Apple iPhone 5s 16GB Factory Unlocked AT&T T-Mobile - Space Gray Silver Gold - B","111820542148","http://ebay.com/itm/111820542148","Refurbished","Electronics","tekreplay","Jana Marcy","649","208.99","0.6779815100154083",3343,"16","61",,"16","0.05264491168274878","Active",,208.99,
"HP X3000 Wireless Optical Mouse","191758111587","http://ebay.com/itm/191758111587","New","Electronics","best_buy","Debra Russell","","24.99","",3315,"415","7.867469879518072",,"317","0.07468316632574504","Active",,24.99,
"4 255 70-16 COOPER DISCOVERER AT3 70R R16 TIRES CERTIFICATES 27014","360885319130","http://ebay.com/itm/360885319130","New","Parts & Accessories","discounttiredirect","Todd Elledge","","552","",3312,"6","53",,"6","0.01317679265107043","Active",,552,
"Logitech G502 Proteus Core Tunable Gaming Mouse With Fully Customizable Surface","321946290328","http://ebay.com/itm/321946290328","New","Electronics","best_buy","Debra Russell","","49.99","",3299,"66","12.13636363636364",,"12","0.07468316632574504","Active",79.99,49.99,
"HP Spectre x2 2-in-1 12"" Touch Laptop Wi-Fi 4G LTE Core m3 4GB RAM 128GB SSD","191732318626","http://ebay.com/itm/191732318626","New","Electronics","best_buy","Debra Russell","799.99","599.99","0.250003125039063",3299,"6","511.1666666666667",,"6","0.07468316632574504","Active",799.99,599.99,
"LG HBS-900 Silver Neckband Headsets","121681708438","http://ebay.com/itm/121681708438","New","Electronics","poppy9780","Aaron Schultz","119.99","39.99","0.6667222268522377",3279,"82","35.13414634146341",,"73","0.04075986720767245","Active",,41.99,
"Drywall Painters Walking Stilts Taping Finishing Tools - Adjustable 24"" - 40""","301637395514","http://ebay.com/itm/301637395514","New","Business & Industrial","assortedtools","Laura Kelleher","204.99","81.89","0.6005170983950436",3275,"40","17.925",,"27","0.01679963448494007","Active",204.99,81.89,
"Stainless Steel Commercial Kitchen Work Prep Table with Backsplash - 30"" x 72""","371326217381","http://ebay.com/itm/371326217381","New","Business & Industrial","assortedtools","Laura Kelleher","316.99","192.49","0.3927568693018707",3272,"17","18.76470588235294",,"16","0.01679963448494007","Active",759.99,192.49,
"Dell Inspiron 14 3000 i3451-1001BLK 14-Inch Celeron 2.16GHz 2GB 500GB Windows 8.1 Laptop","371538590144","http://ebay.com/itm/371538590144","New","Electronics","blinq","Greg George","","180.59","",3250,"18","27.16666666666667",,"5","0.05710555165490312","Active",249.99,180.59,
"Bosch Dual-Axis Self-Leveling Rotary Laser Kit w Tripod GRL250HVCK-B-RT RECON","391319554421","http://ebay.com/itm/391319554421","Refurbished","Business & Industrial","cpo-outlets","Anne Weisman","","359.99","",3239,"9","28.44444444444444",,"9","0.02505170533599067","Active",529.99,359.99,
"Nokia Lumia 1020 - 32GB - Matte Black (Unlocked) Smartphone","351235606168","http://ebay.com/itm/351235606168","New","Electronics","breed","David Grim","","269.99","",3239,"12","48.16666666666666",,"12","0.04166530238040667","Active",,269.99,
"HP 15-f010wm Celeron N2830 Dual-Core 2.16GHz 4GB 500GB DVD RW 15.6 LED Notebook","281913103486","http://ebay.com/itm/281913103486","Refurbished","Electronics","digjungle","Scott Lacharite","","249","",3237,"13","119.3846153846154",,"13","0.04613686534216335","Active",399,249,
"100 #5 10.5x16 "" Ecolite "" Kraft Bubble Mailers Padded Envelopes Bags Self Seal","290879971845","http://ebay.com/itm/290879971845","New","Business & Industrial","threerb","Bradley Castle","53","26.99","0.4907547169811321",3211,"119","1.949579831932773",,"96","0.007779267021377415","Active",53,26.99,
"Premium Real Tempered Glass Film Screen Protector for Apple 4.7"" iPhone 6 New","291649693577","http://ebay.com/itm/291649693577","New","Electronics","starlinkone","Brian Block","","3.49","",3210,"920","6.018478260869565",,"821","0.02379369407946632","Active",,3.49,
"Swagway X1 Self balancing 2 wheels Smart hover-board electric scooter skateboard","311525581276","http://ebay.com/itm/311525581276","New","Lifestyle","claimthis","Jana Marcy","","399.99","",3199,"8","57.875",,"8","0.0463273699881406","Active",,399.99,
"ASUS RT-AC5300 Wireless AC5300 Tri-Band Gigabit Router AiProtection with Trend Micro for Complete Network Security","301803182706","http://ebay.com/itm/301803182706","New","Electronics","newegg","Jay Wong","","396.99","",3199,"8","54.875",,"8","0.0422244721112015","Active",399.99,395.99,
"Canon EOS Rebel T6i / EOS D750 24.2 MP Digital SLR Camera - Black (Body Only)","221756059354","http://ebay.com/itm/221756059354","New","Electronics","redtagcamera","Greg George","690.95","539.95","0.2185396917287792",3179,"6","41.66666666666666",,"6","0.02204228520017994","Active",,539.95,
"48"" Pallet Fork Attachment Tractor Forks Kubota Holland skid steer quick attach","301806948161","http://ebay.com/itm/301806948161","New","Business & Industrial","titanattachments","Michael Walsh","","524","",3144,"6","52.66666666666666",,"6","0.01369164663899206","Active",,524,
"Proactiv 3pc 60 day Kit Proactive FRESH 2017","111379761365","http://ebay.com/itm/111379761365","New","Fashion","sabrina109691","Jenner Wilson","22","34.85","-0.5840909090909091",3101,"89","9.44943820224719",,"85","0.006394416989448377","Active",39.95,34.85,
"Canon PowerShot G7 X 20.2 MP Digital Camera - Black (Kit w/ 24-100mm Lens)","201291533651","http://ebay.com/itm/201291533651","New","Electronics","6ave","Debra Russell","799","440.21","0.4490488110137673",3081,"7","179.8571428571429",,"7","0.03592913061392666","Active",,440.21,
"Logitech G27 (941-000045) Racing Wheel","111502723630","http://ebay.com/itm/111502723630","Refurbished","Electronics","outletmp3","Deb Nahvi","299.99","339.98","-0.1333044434814494",3059,"9","89.55555555555556",,"9","0.03368091900414718","Active",,339.98,
"New Premium Real Tempered Glass Film Screen Protector for Apple iPhone 6S 4.7""","351616968665","http://ebay.com/itm/351616968665","New","Electronics","starlinkone","Brian Block","","3.29","",3038,"1030","6.790291262135923",,"902","0.02379369407946632","Active",,3.29,
"10"" inch Queen Size Cool Gel Medium Memory Foam 2 Pillows & Mattress Cover","201420516179","http://ebay.com/itm/201420516179","New","Home & Garden","vidagoods","Andy Gallup","","252.7","",3032,"12","39.41666666666666",,"12","0.02630641330166271","Active",,252.7,
"Full Coverage HD Tempered Glass Film Screen Protector for iPhone 6/iPhone 6 Plus","331526238203","http://ebay.com/itm/331526238203","New","Electronics","batterygallery","Bryan Bellew","8.99","4.39","0.5116796440489433",3029,"690","11.44927536231884",,"586","0.0208989361458319","Active",,4.39,
"Samsung Galaxy S6 Edge & Plus Full Cover Tempered Glass Curved Screen Protector","331754723372","http://ebay.com/itm/331754723372","New","Electronics","batterygallery","Bryan Bellew","","6.95","",3000,"274","24.88321167883212",,"227","0.0208989361458319","Active",,7.95,
"Electric Wheelchair Hitch Carrier Mobility Scooter Transport with Loading Ramp","371530920602","http://ebay.com/itm/371530920602","New","Parts & Accessories","assortedtools","Laura Kelleher","","149.99","",2999,"20","22.9",,"20","0.01679963448494007","Active",,149.99,
"Yamaha P115B 88-Key Weighted Keys Digital Piano Deluxe Bundle Black","131705573340","http://ebay.com/itm/131705573340","New","Lifestyle","asavings","Greg George","","599.99","",2999,"5","52",,"5","0.03159279549527792","Active",,599.99,
"Lot 12 PC Moving Blankets Padded Furniture Pads Protection 72"" x 80"" Blanket","370987286950","http://ebay.com/itm/370987286950","New","Business & Industrial","id-rack","Anne Weisman","","67.98999999999999","",2991,"44","4.181818181818182",,"27","0.02809103260869565","Active",299.99,67.99,
"Samsung Galaxy S5 Active SM-G870A - 16GB - Ruby Red (Unlocked) Smartphone","291659965886","http://ebay.com/itm/291659965886","New","Electronics","phonestoreusa","Jana Marcy","","269.99","",2969,"11","44.36363636363637",,"11","0.04703270084779976","Active",,269.99,
"Philips HD8752 10 Cups Espresso Machine - Stainless","351634859688","http://ebay.com/itm/351634859688","Refurbished","Home & Garden","geekdeal","Deb Nahvi","","369.95","",2959,"8","60.75",,"8","0.05185016854145362","Active",899,369.95,
"iRULU eXpro X1 9"" Quad Core Android 4.4 KitKat Bluetooth 8GB Tablet w Keyboard","350891158140","http://ebay.com/itm/350891158140","New","Electronics","campus111","Greg George","166.63","56.69","0.6597851527336014",2949,"59","184.0508474576271",,"42","0.0493386153609842","Active",,56.69,
"LG G Stylo Android 5.7"" 4G LTE Smartphone for Virgin Mobile -","321944213718","http://ebay.com/itm/321944213718","New","Electronics","best_buy","Debra Russell","","127.99","",2943,"23","88.04347826086956",,"23","0.07468316632574504","Active",159.99,127.99,
"Women's Shoes UGG Bailey Button Triplet Boots 1873 Chestnut 5 6 7 8 9 10 11*New*","172033856549","http://ebay.com/itm/172033856549","New","Fashion","shopsmart500","Jenner Wilson","","139.95","",2938,"21","39.14285714285715",,"21","0.01474103585657371","Active",,139.95,
"APC AP7750A Rack Automatic Transfer Switch 15A 100 120V Out - 800125256","291655103975","http://ebay.com/itm/291655103975","New","Electronics","newegg","Jay Wong","","586.99","",2934,"5","0.6",,"1","0.0422244721112015","Active",679.99,586.99,
"Sterling Silver 925 Pendant and Earring Set Made with Swarovski Zirconia 3 cttw","201271302014","http://ebay.com/itm/201271302014","New","Fashion","zksdesigns","Jana Marcy","119","22.99","0.8068067226890757",2919,"127","59.11023622047244",,"123","0.01793171211004667","Active",119,22.99,
"4 245 70-16 PATHFINDER SAT 70R R16 TIRES CERTIFICATES 17955","191788339087","http://ebay.com/itm/191788339087","New","Parts & Accessories","discounttiredirect","Todd Elledge","","400","",2912,"8","51.25",,"8","0.01317679265107043","Active",,400,
"Rockville RPG152K Dual 15"" Powered Speakers Bluetooth Mic Speaker Stands Cables","391237643416","http://ebay.com/itm/391237643416","New","Lifestyle","audiosavings","Greg George","699","289.95","0.5851931330472103",2899,"10","132.5",,"10","0.02567593008269011","Active",699,289.95,
"HP ENVY 5530 All-In-One Inkjet Printer","201447660107","http://ebay.com/itm/201447660107","New","Electronics","buysuperdeal","Deb Nahvi","129.99","39.99","0.6923609508423725",2897,"69","28.68115942028986",,"65","0.02017027598422947","Active",,39.99,
"Premium Real Tempered Glass Film Screen Protector for Apple 4.7"" iPhone 6","361407348166","http://ebay.com/itm/361407348166","New","Electronics","batterygallery","Bryan Bellew","","3.99","",2896,"726","7.772727272727272",,"667","0.0208989361458319","Active",,3.99,
"New Premium Real Tempered Glass Film Screen Protector for Apple 4.7"" iPhone 6","351236835614","http://ebay.com/itm/351236835614","New","Electronics","inkcredibleprinting","Bryan Bellew","","3.75","",2880,"768","6.2734375",,"742","0.0160887206408299","Active",,3.75,
"FitBit Flex Wireless Activity Fitness Sleep Tracker Wristband w/ SM/LG Bands","252246728267","http://ebay.com/itm/252246728267","New","Lifestyle","deal_frenzy","Deb Nahvi","","59.99","",2879,"48","53.1875",,"46","0.04872785766129823","Active",99.95,59.99,
"Verizon Motorola Droid Turbo XT1254 Latest Model 32GB / 64GB Good Condition","141735515934","http://ebay.com/itm/141735515934","Refurbished","Electronics","guaranteecellular","Deb Nahvi","699.99","179.99","0.7428677552536465",2879,"16","139.9375",,"15","0.04818909208887786","Active",,179.99,
"Louisville Slugger 2015 Xeno -10 Fastpitch Bat","301822839951","http://ebay.com/itm/301822839951","New","Lifestyle","teamexpress","Brendan Biggers","","159.88","",2877,"18","47",,"18","0.02173584905660378","Active",299.98,159.88,
"U-Pol Raptor BLACK Urethane Spray-On Truck Bed Liner Kit w GUN UPOL 820","231723947759","http://ebay.com/itm/231723947759","New","Parts & Accessories","autobodynow","Craig Philipp","","109.44","",2845,"26","12.76923076923077",,"18","0.01714827368300109","Active",,109.44,
"Commercial Stainless Steel Kitchen Utility Sink - 23.5"" Wide","301630356120","http://ebay.com/itm/301630356120","New","Business & Industrial","assortedtools","Laura Kelleher","","148.99","",2830,"19","13.8421052631579",,"18","0.01679963448494007","Active",587.99,148.99,
"HDTV Outdoor Amplified Antenna HD TV 36dB Rotor Remote 360Â° UHF/VHF/FM 150 Miles","111305754167","http://ebay.com/itm/111305754167","New","Electronics","buyelecs","KellyJo McIntyre","","26.75","",2808,"105","14.84761904761905",,"85","0.02625393266553358","Active",,26.75,
"Logitech K750 920-002912 Wireless Keyboard","371464772709","http://ebay.com/itm/371464772709","Refurbished","Electronics","bigdeals","Heath Smaellie","59.99","26.99","0.5500916819469911",2804,"122","2.557377049180328",,"17","0.04717105463245506","Active",,26.99,
"mig 130 flux core auto wire welder machine w cooling welding helmet eagle ansi","371182522645","http://ebay.com/itm/371182522645","New","Business & Industrial","id-rack","Anne Weisman","","139.97","",2799,"20","53.4",,"18","0.02809103260869565","Active",499.99,139.97,
"MICOMP Dell Tower Desktop Computer PC Core 2 Duo 3.0Ghz 4GB 1TB Win 7 64 WIFI - S150309101250S","271563487621","http://ebay.com/itm/271563487621","Refurbished","Electronics","micomp","Jason Chin","145","135","0.06896551724137931",2799,"20","167.6",,"18","0.02739600091932889","Active",,135,
"Hoover BH50010RM Platinum Linx Vacuum Cleaner","261794669494","http://ebay.com/itm/261794669494","New","Home & Garden","hoover-outlet-store","Thomas Benge","199.99","119.99","0.40002000100005",2799,"28","22.17857142857143",,"26","0.02533143221187392","Active",199.99,119.99,
"Simpson MSH3125-S MegaShot 3100 PSI 2.5 GPM Honda GCV190 Engine Gas Pressure Was","221569777543","http://ebay.com/itm/221569777543","New","Home & Garden","powerequipmentdirect","Stacey Bartholoma","429.99","399.99","0.06976906439684644",2799,"7","65.85714285714286",,"7","0.02961814621409922","Active",429.99,399.99,
"Apple iPhone 5s 16GB Factory Unlocked AT&T T-Mobile - Space Gray Silver Gold - C","131648724996","http://ebay.com/itm/131648724996","Refurbished","Electronics","tekreplay","Jana Marcy","649","199.49","0.6926194144838212",2792,"14","209.2857142857143",,"14","0.05264491168274878","Active",,199.49,
"Baby Jogger City Mini GT Double All Terrain Stroller NEW 2015 - 3 COLOR CHOICE","351197234240","http://ebay.com/itm/351197234240","New","Home & Garden","devinesuperstore","Anne Weisman","579.99","465","0.1982620390006724",2790,"6","81",,"6","0.0156808803301238","Active",,465,
"Adeco Trading Coffee Table with Nested Stool","301854424218","http://ebay.com/itm/301854424218","New","Home & Garden","wayfair","Anne Weisman","","159.99","",2789,"18","1.111111111111111",,"1","0.03977548116762301","Active",200,154.99,
"Milwaukee 2763-22 M18 FUEL 1 2"" High Torque Impact Wrench KIT W 5-YEAR","191632033893","http://ebay.com/itm/191632033893","New","Business & Industrial","rafsupply","Andy Gallup","","396.95","",2778,"7","24.14285714285714",,"7","0.02783171521035599","Active",429,396.95,
"Blue Parrot B350-XT 203475 Bluetooth Wireless Trucker Headset VXI Cell Phone","181871356472","http://ebay.com/itm/181871356472","New","Electronics","cyberetronics","Jason Chin","199","89.5","0.550251256281407",2774,"31","19.38709677419355",,"30","0.02176532610332882","Active",,89.5,
"New Samsung Galaxy Note 3 N900V 32GB Verizon/Unlocked GSM LTE Phone - All Colors","391372056754","http://ebay.com/itm/391372056754","New","Electronics","breed","David Grim","","249.99","",2749,"11","14.45454545454546",,"2","0.04166530238040667","Active",,249.99,
"Baby  City Select Onyx Jogger Single Seat Stroller","351225387361","http://ebay.com/itm/351225387361","New","Home & Garden","devinesuperstore","Anne Weisman","","544.95","",2749,"5","105.4",,"5","0.0156808803301238","Active",,544.95,
"Eureka Sanitaire SC679 - Gray - Upright Cleaner","381016536011","http://ebay.com/itm/381016536011","New","Home & Garden","zorotools","Jennifer Moore","","114.12","",2738,"24","9.083333333333334",,"14","0.01438707312768952","Active",,114.12,
"Black LCD Display+Touch Screen Digitizer Assembly Replacement for iPhone 5S OEM","141859868418","http://ebay.com/itm/141859868418","New","Electronics","gameinfinity","Bryan Bellew","","42.95","",2726,"65","17.35384615384615",,"55","0.03441913174870692","Active",,42.95,
"NetGear PROSAFE WNDAP360 (WNDAP360100NAS)  Wireless Access Point","331082884839","http://ebay.com/itm/331082884839","New","Electronics","mcsd-at-home","Jason Chin","","269.95","",2699,"10","0.5",,"1","0.03247058823529412","Active",,269.95,
"1 Ct Three Stone 3 Diamond Ring 14K White Gold","321061530274","http://ebay.com/itm/321061530274","New","Fashion","pompeii3","Jeremy Miller","1500","499.99","0.6666733333333333",2699,"6","436.3333333333333",,"6","0.06455236207466138","Active",1497,499.99,
"XBOX ONE ELITE WIRELESS CONTROLLER - IN HAND READY TO SHIP - MICROSOFT Also PC","281866619441","http://ebay.com/itm/281866619441","New","Electronics","targetstores","Mary Hubbard","","149.99","",2699,"18","22.77777777777778",,"16","0.03042629015862509","Active",,149.99,
"LEGO Star Wars 75059 Sandcrawler with 3 296 Pieces &","281628530452","http://ebay.com/itm/281628530452","New","Collectibles","targetstores","Mary Hubbard","","299.99","",2699,"9","50.88888888888889",,"5","0.03042629015862509","Active",,299.99,
"LG Nexus 5X H790 4G LTE 16GB Android Unlocked Smartphone - Black","321993028207","http://ebay.com/itm/321993028207","New","Electronics","buydig","Debra Russell","","299","",2691,"9","57.66666666666666",,"9","0.04301844332895764","Active",379.99,299,
"4 255 70-16 COOPER DISCOVERER AT3 70R R16 TIRES CERTIFICATES 27014","191106125160","http://ebay.com/itm/191106125160","New","Parts & Accessories","discounttiredirect","Todd Elledge","","536","",2680,"5","161.2",,"5","0.01317679265107043","Active",,536,
"Lenovo - 15.6"" Laptop - AMD E1-Series - 4GB Memory - 500GB Hard Drive - Black","321990235499","http://ebay.com/itm/321990235499","New","Electronics","best_buy","Debra Russell","","213.99","",2671,"16","58.4375",,"16","0.07468316632574504","Active",,213.99,
"Apple iPhone 5S 16GB Smartphone for AT&T A1533  4G LTE Silver Gold Grey","401044980095","http://ebay.com/itm/401044980095","Refurbished","Electronics","thegoodblokes","Brian Block","","189.99","",2659,"14","179.3571428571429",,"14","0.05448673645057113","Active",,189.99,
"Samsung - Galaxy Tab 2 - 10.1"" - 8GB - Wi-Fi 4G LTE Verizon Wireless - Gray","351627890429","http://ebay.com/itm/351627890429","New","Electronics","blinq","Greg George","","264.49","",2644,"10","1.5",,"1","0.05710555165490312","Active",781.99,264.49,
"OEM Original Black Touch Digitizer LCD Screen Assembly for iPhone 6 Replacement","331572497535","http://ebay.com/itm/331572497535","New","Electronics","dazzlegames","Bryan Bellew","99.95","79.95","0.2001000500250125",2638,"33","11.15151515151515",,"24","0.03127318661507613","Active",,79.95,
"Apple iPhone 4S 16GB Factory Unlocked GSM Smartphone GSM Black or White","201445289582","http://ebay.com/itm/201445289582","Refurbished","Electronics","thegoodblokes","Brian Block","","89","",2633,"31","58.45161290322581",,"25","0.05448673645057113","Active",,89.95,
"Versace Man Eau Fraiche by Gianni Versace 3.4 oz EDT Cologne for Men","400808736853","http://ebay.com/itm/400808736853","New","Fashion","foreverlux","Lisa Bigelow","72","33.5","0.5347222222222222",2617,"77","36.50649350649351",,"76","0.01795630146689087","Active",72,33.5,
"Authentic Apple Beats Pill 2.0 by Dr. Dre Bluetooth Wireless Speaker With Mic","141858996698","http://ebay.com/itm/141858996698","New","Electronics","guaranteecellular","Deb Nahvi","","89.98999999999999","",2609,"29","143.7931034482759",,"28","0.04818909208887786","Active",,89.99,
"Shock Absorber-Air Suspension Rear Arnott AS-2700","310916560120","http://ebay.com/itm/310916560120","New","Parts & Accessories","am-autoparts","Joshua Brunner","616.26","368.7","0.4017135624574044",2608,"7","46",,"7","0.01565291726732347","Active",,368.7,
"Griffin Survivor All-Terrain for iPad mini 4th Generation - iPad mini 4 - Black Blue - Polycarbonate Silicone - 78.74"" Drop Height - GB41356","301820098783","http://ebay.com/itm/301820098783","New","Electronics","antonline","Scott Lacharite","","43.45","",2607,"60","0.1",,"1","0.02721234374355378","Active",59.99,43.45,
"1.5HP IN GROUND Swimming POOL PUMP MOTOR w Strainer High-Flo Hi-Rate Inground","330982585873","http://ebay.com/itm/330982585873","New","Home & Garden","id-rack","Anne Weisman","499.99","129.99","0.7400148002960059",2599,"20","16.2",,"16","0.02809103260869565","Active",499.99,129.99,
"Dell Tower Desktop Computer PC Dual Core 3.4Ghz 2GB 500GB Windows 7 64 Bit","271876179198","http://ebay.com/itm/271876179198","Refurbished","Electronics","micomp","Jason Chin","145","99.98999999999999","0.3104137931034483",2599,"26","65.76923076923077",,"24","0.02739600091932889","Active",,99.99,
"LEGO Star Wars The Empire Strikes Back Slave I Set #75060","271835508450","http://ebay.com/itm/271835508450","New","Collectibles","targetstores","Mary Hubbard","","199.99","",2599,"13","64.92307692307692",,"13","0.03042629015862509","Active",,199.99,
"tire s p 275 60 r 15 107 t rwl hercules h p 4000 275 60 15 2756015","360885323757","http://ebay.com/itm/360885323757","New","Parts & Accessories","discounttiredirect","Todd Elledge","","236","",2596,"11","21.27272727272727",,"9","0.01317679265107043","Active",,236,
"Logitech Unifying Wireless Receiver for Mouse and Keyboard - OEM package","262260825447","http://ebay.com/itm/262260825447","New","Electronics","hotdeals4u","Deb Nahvi","","8.85","",2593,"293","0.4436860068259386",,"18","0.02526934378060725","Active",,8.85,
"Genuine Nikon AF-S DX Nikkor 35mm f 1.8G lens 35 mm f1.8G f1.8 f 1.8 G","390909514249","http://ebay.com/itm/390909514249","New","Electronics","tri-state1","Scott Lacharite","","166","",2592,"16","45.4375",,"16","0.02218875502008032","Active",,166,
"4 BF Goodrich All-Terrain T A KO2 Tires 305 70-16 3057016 305 70R16 LRE RWL 124R","171901966900","http://ebay.com/itm/171901966900","New","Parts & Accessories","4wheelparts","Ben Schneider","","215.99","",2591,"12","6.166666666666667",,"2","0.01698978089911266","Active",,215.99,
"Dell UltraSharp P2815Q 28"" Widescreen LED LCD Monitor built-in Speakers","301737434438","http://ebay.com/itm/301737434438","New","Electronics","mobileshark","Not Active","","369.99","",2589,"7","17.71428571428572",,"2","0.03844747002641739","Active",,369.99,
"Samsung Galaxy Note 3 SM-N900V 32GB Verizon AT&T T-Mobile UNLOCKED Cell Phone","231608203661","http://ebay.com/itm/231608203661","New","Electronics","buyspry","Scott Lacharite","399.99","234.99","0.4125103127578189",2584,"11","203.0909090909091",,"11","0.04526665081144747","Active",,234.99,
"Samsung Galaxy S6 SM-G920A 32GB Unlocked GSM 4G LTE Octa-Core Android Smartphone","381523956278","http://ebay.com/itm/381523956278","New","Electronics","qualitycellz","Jason Chin","","429.99","",2579,"6","265",,"6","0.04942278299892686","Active",,429.99,
"Proactiv 4pc 60 day Kit w 3.5oz Refining Mask Proactive GENUINE USA 2017","130737704926","http://ebay.com/itm/130737704926","New","Fashion","sabrina109691","Jenner Wilson","","38.95","",2570,"66","11.93939393939394",,"65","0.006394416989448377","Active",,38.95,
"American Power Conversion SMC1500-2U UPS","291185657420","http://ebay.com/itm/291185657420","New","Electronics","antonline","Scott Lacharite","","535.97","",2563,"5","2.4",,"1","0.02721234374355378","Active",589,535.97,
"Microsoft Xbox One Stereo Black Headband Headsets for Microsoft Xbox One","131605439389","http://ebay.com/itm/131605439389","Refurbished","Electronics","goldstar_tech","KellyJo McIntyre","199.99","133.99","0.3300165008250412",2545,"19","80.10526315789474",,"19","0.02584858296649325","Active",,133.99,
"2X Black High Quality U Pro Bluetooth Wireless Controller for Nintendo Wii U USA","331515943860","http://ebay.com/itm/331515943860","New","Electronics","batterygallery","Bryan Bellew","44.99","26.75","0.4054234274283174",2541,"95","15.02105263157895",,"92","0.0208989361458319","Active",,26.75,
"Commercial Stainless Steel Kitchen Utility Sink with Drainboard - 39"" wide","301630383012","http://ebay.com/itm/301630383012","New","Business & Industrial","assortedtools","Laura Kelleher","380.99","230.99","0.3937111210267986",2540,"11","28.36363636363636",,"9","0.01679963448494007","Active",911.99,230.99,
"Commercial Stainless Steel Kitchen Utility Sink - 30"" wide","371326178396","http://ebay.com/itm/371326178396","New","Business & Industrial","assortedtools","Laura Kelleher","","230.89","",2539,"11","16.54545454545455",,"8","0.01679963448494007","Active",911.99,230.89,
"Privacy Anti-Spy Real Tempered Glass Screen Protector Shield for 4.7"" iPhone 6","331714641596","http://ebay.com/itm/331714641596","New","Electronics","bateryconnection","Bryan Bellew","","4.79","",2524,"527","8.574952561669829",,"494","0.02199746997937348","Active",,4.79,
"Apple iPad mini 1st Generation 32GB Wi-Fi + Cellular Verizon Black or White","161948136351","http://ebay.com/itm/161948136351","Refurbished","Electronics","guaranteecellular","Deb Nahvi","","169.99","",2524,"15","13.33333333333333",,"2","0.04818909208887786","Active",,169.99,
"Oneida True Rose 42 Piece Service for 8 Flatware Set","391219863746","http://ebay.com/itm/391219863746","New","Home & Garden","finestflatware","Bryan Bellew","","79.98999999999999","",2520,"42","0.2380952380952381",,"1","0.01046663759267335","Active",,79.99,
"Lenovo 80QQ00JGUS 15.6"" Laptop Intel Core i5 5200U 2.20 GHz 1 TB HDD 4 GB Memo","291654805092","http://ebay.com/itm/291654805092","New","Electronics","newegg","Jay Wong","","399.99","",2519,"7","340.2857142857143",,"3","0.0422244721112015","Active",459.99,399.99,
"ARO 66605J344 Double Diaphragm Pump Air Operated 150F","331345964984","http://ebay.com/itm/331345964984","New","Business & Industrial","zorotools","Jennifer Moore","","501.23","",2506,"5","1",,"1","0.01438707312768952","Active",,501.23,
"Premium Real Tempered Glass Screen Protector for Apple 5.5"" iPhone 6 6s Plus","301836812829","http://ebay.com/itm/301836812829","New","Electronics","starlinkone","Brian Block","","3.75","",2505,"668","6.661676646706587",,"604","0.02379369407946632","Active",,3.75,
"Lenovo ThinkPad Edge E550 20DF0030US 15.6-Inch Laptop (Black)","391361611339","http://ebay.com/itm/391361611339","New","Electronics","adoramacamera","David Grim","","499.99","",2499,"5","7.6",,"1","0.02139738489073312","Active",699.99,499.99,
"Apple iPhone 6 Plus a1522 64GB for AT&T Gold Silver or Gray","331606539978","http://ebay.com/itm/331606539978","Refurbished","Electronics","certifiedusedphoneoutlet","Scott Lacharite","849","499.99","0.4110836277974087",2499,"5","74.40000000000001",,"4","0.0547790725489526","Active",849.99,499.99,
"Apple iPhone 6 - 128GB - (Factory Unlocked) Smartphone - Gold Silver Gray","311375550600","http://ebay.com/itm/311375550600","Refurbished","Electronics","youbuyrite","Brian Block","849","499.88","0.4112131919905772",2499,"5","1210.4",,"4","0.0475395413009138","This item is out of stock.","","",""
"Chevrolet Performance 19212593 LS Muscle Car Oil Pan Kit","111059732055","http://ebay.com/itm/111059732055","New","Parts & Accessories","jegsperformance","Dustin Waterfall","","146.99","",2498,"17","23.11764705882353",,"17","0.02251351895752956","Active",,146.99,
"Optima 8171-767 YellowTop Deep Cycle & Starting AGM Battery DS46B24R Smart Key","131584074036","http://ebay.com/itm/131584074036","New","Parts & Accessories","uspartsoutlet","Bradley Fry","","145.79","",2478,"17","10.88235294117647",,"17","0.01458831568158524","Active",,145.79,
"Commercial 10 Tray Stainless Steel Food Fruit Jerky Dryer Blower Dehydrator","391121875048","http://ebay.com/itm/391121875048","New","Home & Garden","yescomusa","Thomas Benge","406.9","189.9","0.533300565249447",2468,"13","40.53846153846154",,"13","0.02538484827313165","Active",399.9,189.9,
"Hunter 52"" Contemporary Ceiling Fan - Brushed Nickel - Remote Control","262065728353","http://ebay.com/itm/262065728353","Refurbished","Home & Garden","frugalfaironline","Andy Gallup","129.95","84.95","0.3462870334744131",2463,"29","14.44827586206897",,"15","0.03832170945244102","Active",129.95,84.95,
"ROSHE ONE CHERRY BLS WOMEN WHITE/PURE PLATINUM 819960-100 NIKE","222006464735","http://ebay.com/itm/222006464735","New","Fashion","footwearobsessioninc","Chelsea Walsh","","119.79","",2459,"29","13.79310344827586",,"18","0.01728058208276489","Active",,119.79,
"Samsung Galaxy S3 III SCH-I535 16GB Verizon Smartphone 8MP Camera","131541736938","http://ebay.com/itm/131541736938","Refurbished","Electronics","guaranteecellular","Deb Nahvi","329.99","81.98999999999999","0.7515379253916785",2459,"30","115.8333333333333",,"16","0.04818909208887786","Active",,81.99,
"Lego 76042 The SHIELD Helicarrier Marvel Avengers Super Heroes 2996 pcs Age 16","281712682989","http://ebay.com/itm/281712682989","New","Collectibles","targetstores","Mary Hubbard","367.49","349.99","0.04762034341070505",2449,"7","34.14285714285715",,"5","0.03042629015862509","Active",,349.99,
"Lenovo TAB 2 A10-70 16GB Wi-Fi 10.1in - Midnight Blue","191792777565","http://ebay.com/itm/191792777565","New","Electronics","best_buy","Debra Russell","","152.99","",2447,"16","17.25",,"16","0.07468316632574504","Active",,152.99,
"Copper Powered Electric Wire Stripping Machine Metal Recycle Tool Cable Stripper","301831641109","http://ebay.com/itm/301831641109","New","Business & Industrial","yescomusa","Thomas Benge","","269.9","",2429,"9","38.77777777777778",,"9","0.02538484827313165","Active",567.9,269.9,
"NEW! OtterBox Commuter Series Case For iPhone 6 PLUS - 6S PLUS 5.5""","141870494280","http://ebay.com/itm/141870494280","New","Electronics","theprunedanish","Brian Block","","27.99","",2419,"91","24.24175824175824",,"1","0.01440530960102572","Active",44.95,27.99,
"Samsung Galaxy S4 SGH-I337 - 16GB - White Frost (AT&T) Smartphone","151949505140","http://ebay.com/itm/151949505140","New","Electronics","cellmall","Not Active","","184.77","",2402,"13","119.2307692307692",,"12","0.04540856468472519","Active",,184.77,
"Swagway X1 Self balancing 2 wheels Smart hover-board electric scooter skateboard","231807586335","http://ebay.com/itm/231807586335","New","Lifestyle","claimthis","Jana Marcy","","399.99","",2399,"6","149.8333333333333",,"6","0.0463273699881406","Active",,399.99,
"Asus ZenWatch 2 Smartwatch 49mm Stainless Steel - Gunmetal Brown Leather Android","191715897020","http://ebay.com/itm/191715897020","New","Electronics","best_buy","Debra Russell","","149.99","",2399,"16","48.9375",,"16","0.07468316632574504","Active",,149.99,
"DuroMax 16 HP Go Kart Log Splitter Gas Power Engine Motor-XP16HPE Electric Start","171447204485","http://ebay.com/itm/171447204485","New","Home & Garden","factory_authorized_outlet","Anne Weisman","449.99","299.99","0.3333407409053534",2399,"8","99.125",,"8","0.02803267292318387","Active",449.99,299.99,
"Dyson DC25 Multi Floor Upright Vacuum","121808729171","http://ebay.com/itm/121808729171","Refurbished","Home & Garden","dyson.usa","Anne Weisman","379.99","199.99","0.4736966762283218",2399,"12","29.91666666666667",,"12","0.03740750890654974","Active",,199.99,
"Hitachi NV45AB2 Reconditioned Pneumatic 1-3 4-inch Coil Roofing Nailer","121667416855","http://ebay.com/itm/121667416855","Refurbished","Home & Garden","hardware_sales_inc","Thomas Benge","239.99","198.99","0.1708404516854869",2387,"12","22.5",,"8","0.01426463354648303","Active",239.99,198.99,
"Wireless Sports Stereo Sweatproof Bluetooth Earphone Headphone Earbuds Headset","351630157820","http://ebay.com/itm/351630157820","New","Electronics","thebatteryconnection","Bryan Bellew","","8.49","",2385,"281","24.80427046263345",,"242","0.02522889114954222","Active",,8.49,
"Apple iPad 3rd Generation 32GB Wi-Fi 9.7in - Black (MC706LL/A)","121598752756","http://ebay.com/itm/121598752756","Refurbished","Electronics","tekreplay","Jana Marcy","599","214.99","0.6410851419031719",2364,"11","83.09090909090909",,"11","0.05264491168274878","Active",,214.99,
"Microsoft Surface Pro 64GB or 128GB 10.6"" Intel Core i5 Wi-Fi 4GB DDR3 Windows 8","252208042708","http://ebay.com/itm/252208042708","Refurbished","Electronics","bigdeals","Heath Smaellie","","269.99","",2359,"8","484",,"8","0.04717105463245506","Active",,269.99,
"ACUITY LITHONIA TWR2 LED 1 50K MVOLT LED Wall Pack 79W 120-277V 6979L","381009089749","http://ebay.com/itm/381009089749","New","Business & Industrial","zorotools","Jennifer Moore","","468.75","",2343,"5","1",,"2","0.01438707312768952","Active",,468.75,
"Apple iPhone 6 - 16GB - Space Gray (Verizon) Smartphone","371535271374","http://ebay.com/itm/371535271374","Refurbished","Electronics","blinq","Greg George","","390.39","",2342,"6","292.5",,"6","0.05710555165490312","Active",699.99,390.39,
"KitchenAid KSM500PS 325 Watts Stand Mixer","360458958876","http://ebay.com/itm/360458958876","New","Home & Garden","usa-world-sales","Thomas Benge","519.98","259.99","0.5",2339,"9","125.3333333333333",,"9","0.03582039586558982","Active",,259.99,
"Hunter 52"" Brushed Nickel 5 Blade Ceiling Fan with Light & Remote Control","281746031799","http://ebay.com/itm/281746031799","Refurbished","Home & Garden","frugalfaironline","Andy Gallup","149.95","89.95","0.4001333777925974",2338,"26","21.69230769230769",,"19","0.03832170945244102","Active",149.95,89.95,
"Apple TV (4th Generation) 64GB Digital HD Media Streamer (Latest Model)","141850805988","http://ebay.com/itm/141850805988","New","Electronics","quickshipelectronics","David Grim","","139.99","",2324,"15","35.8",,"15","0.02756172967876998","This item is out of stock.","","",""
"Premium Real Tempered Glass Screen Protector Film for Samsung Galaxy Note 5","331693759454","http://ebay.com/itm/331693759454","New","Electronics","batterygallery","Bryan Bellew","","3.99","",2322,"582","8.171821305841924",,"480","0.0208989361458319","Active",,3.99,
"High Quality Film Real Premium Tempered Glass Screen Protector for iPhone 5S 5C","351578074104","http://ebay.com/itm/351578074104","New","Electronics","starlinkone","Brian Block","","3.75","",2321,"619","6.313408723747981",,"551","0.02379369407946632","Active",,3.75,
"Samsung Galaxy S5 SM-G900V 16GB Verizon AT&T T-Mobile GSM UNLOCKED Cell Phone","331606472664","http://ebay.com/itm/331606472664","Refurbished","Electronics","buyspry","Scott Lacharite","349.99","209.99","0.4000114288979685",2309,"11","92.36363636363636",,"10","0.04526665081144747","Active",,209.99,
"ZTE Maven Z812 - 8GB - Blue Gray (AT&T) Smartphone","201482493967","http://ebay.com/itm/201482493967","New","Electronics","best_buy","Debra Russell","59.99","29.99","0.5000833472245375",2309,"77","60.32467532467533",,"52","0.07468316632574504","Active",39.99,29.99,
"Scarlett Solo Studio Mackie CR4 Monitors Mic Stand Home Recording Bundle","251782472956","http://ebay.com/itm/251782472956","New","Lifestyle","*pitbullaudio*","Justin Johnson","439.99","329","0.2522557330848428",2303,"7","78.14285714285714",,"7","0.01717071487121964","Active",,329,
"Samsung C1860FW","401055819638","http://ebay.com/itm/401055819638","New","Electronics","blinq","Greg George","","176.39","",2293,"13","19.23076923076923",,"13","0.05710555165490312","Active",449.99,176.39,
"Apple iPad mini 2 16GB Wi-Fi 7.9in - Space Gray","191777219659","http://ebay.com/itm/191777219659","New","Electronics","jectronics","Jason Chin","","239","",2290,"10","32.3",,"9","0.02733919026847699","Active",,239,
"LCD Lens Touch Screen Display Digitizer Assembly Replacement for iPhone 5 Black","331195467357","http://ebay.com/itm/331195467357","New","Electronics","dazzlegames","Bryan Bellew","89.95","43.95","0.5113952195664258",2285,"52","13.57692307692308",,"42","0.03127318661507613","Active",,43.95,
"Armoire Jewelry Cabinet Box Storage Chest Stand Organizer Necklace Wood Walnut","361129492585","http://ebay.com/itm/361129492585","New","Fashion","bestchoiceproducts","Thomas Benge","399.95","189.95","0.5250656332041506",2279,"12","53.08333333333334",,"6","0.0275042526174561","Active",399.95,189.95,
"Losi 8IGHT-E 3.0","171714310517","http://ebay.com/itm/171714310517","New","Collectibles","horizonhobby","Brian Cottrell","","379.99","",2279,"6","113.1666666666667",,"5","0.01234154615247277","Active",,379.99,
"Apple iPhone 5c 16GB Verizon GSM Unlocked AT&T T-Mobile Smartphone 4G LTE  - B","111814009172","http://ebay.com/itm/111814009172","Refurbished","Electronics","tekreplay","Jana Marcy","549","151.99","0.7231511839708561",2279,"15","40.26666666666667",,"15","0.05264491168274878","Active",,151.99,
"Durham Manufacturing 42"" H x 33.75"" W x 8.5"" D Opening Parts Bin Cabinet","221558434225","http://ebay.com/itm/221558434225","New","Business & Industrial","zorotools","Jennifer Moore","","119.9","",2278,"19","9.421052631578947",,"12","0.01438707312768952","Active",,119.9,
"Continental Grand Prix 4000 S II Tire 700x23 Black Folding Bead Black Chili","301752993540","http://ebay.com/itm/301752993540","New","Lifestyle","planetcyclery","Stacey Bartholoma","","39.95","",2277,"57","7.631578947368421",,"29","0.01657733719110184","Active",,39.95,
"LCD Lens Touch Screen Display Digitizer Assembly Replacement for iPhone 5 White","390818204365","http://ebay.com/itm/390818204365","New","Electronics","dazzlegames","Bryan Bellew","","42.95","",2276,"53","21.18867924528302",,"40","0.03127318661507613","Active",,42.95,
"Nikon D D5200 24.1 MP Digital SLR Camera - Black (Kit w/ VR 18-55mm and VR 55-200mm Lenses)","331763528715","http://ebay.com/itm/331763528715","Refurbished","Electronics","buydig","Debra Russell","","429","",2274,"6","29.66666666666667",,"6","0.04301844332895764","Active",799.95,499,
"Samsung Galaxy View SM-T670N 32GB Wi-Fi 18.4in - Black","201512405815","http://ebay.com/itm/201512405815","New","Electronics","best_buy","Debra Russell","","454.99","",2274,"5","70.2",,"5","0.07468316632574504","Active",,454.99,
"MOTOROLA HX550 UNIVERSAL WIRELESS BLUETOOTH HEADSET - BLACK EAR-HOOK - OPEN","160768857288","http://ebay.com/itm/160768857288","Refurbished","Electronics","grabwirelessusa","Heath Smaellie","","29.99","",2274,"91","4.923076923076923",,"31","0.03833810470268595","Active",,29.99,
"Crucial 16 GB SO-DIMM 1600 MHz PC3-12800 DDR3 Memory (CT2KIT102464BF160B)","291286880089","http://ebay.com/itm/291286880089","New","Electronics","newegg","Jay Wong","","62.98","",2267,"36","13.25",,"28","0.0422244721112015","This item is out of stock.","","",""
"15000mAh Portable Jump Starter Car Battery Charger Mini Power Bank LED Light 12V","360958630014","http://ebay.com/itm/360958630014","New","Parts & Accessories","tmshelmet","Dustin Waterfall","67.90000000000001","40.95","0.3969072164948454",2259,"58","26.25862068965517",,"43","0.02201048759753213","Active",,40.95,
"Fierce Tires 35X12.50R17LT Attitude M T 357351294","361432414286","http://ebay.com/itm/361432414286","New","Parts & Accessories","discounttiredirect","Todd Elledge","","282","",2256,"8","14.75",,"3","0.01317679265107043","Active",,282,
"USA Tattoo Stencil Flash Copier SPIRIT Thermal Hectograph Printer Machine Maker","361348596369","http://ebay.com/itm/361348596369","New","Fashion","piercingpros","Jon Kuhlmann","","93.81999999999999","",2251,"24","33.83333333333334",,"23","0.02614687332635231","Active",399,93.82,
"Motorola XT907 Droid Razr M 4G LTE Verizon 8GB Smartphone Good Condition","161676069683","http://ebay.com/itm/161676069683","Refurbished","Electronics","guaranteecellular","Deb Nahvi","799.99","49.99","0.9375117188964862",2249,"45","44.4",,"40","0.04818909208887786","Active",,49.99,
"Apple MacBook Pro A1278 13.3"" Laptop - MC374LL/A (April 2010)","131305995614","http://ebay.com/itm/131305995614","Refurbished","Electronics","tekreplay","Jana Marcy","1199","439.99","0.6330358632193495",2249,"5","475.4",,"5","0.05264491168274878","Active",,439.99,
"Apple iPhone 4S 8GB GSM Factory Unlocked Black White Smartphone","201507331795","http://ebay.com/itm/201507331795","Refurbished","Electronics","thegoodblokes","Brian Block","","74.95","",2248,"30","68.33333333333333",,"26","0.05448673645057113","Active",,74.95,
"54"" Hunter Premier Bronze Ceiling Fan - Toffee Glass Light Kit - Remote Control","281329601057","http://ebay.com/itm/281329601057","Refurbished","Home & Garden","frugalfaironline","Andy Gallup","149.95","69.98999999999999","0.533244414804935",2239,"32","28.3125",,"22","0.03832170945244102","Active",149.95,69.99,
"Husqvarna 460 Rancher Chainsaw","311174182410","http://ebay.com/itm/311174182410","New","Home & Garden","maxtoolsales","Anne Weisman","635.7","444.99","0.3",2224,"5","101.6",,"5","0.0315429809575399","Active",635.7,444.99,
"2 BF Goodrich All-Terrain T A KO2 Tires 35X12.50-17 35125017 35 12.50R17 LRE RWL","191716359528","http://ebay.com/itm/191716359528","New","Parts & Accessories","4wheelparts","Ben Schneider","","277.99","",2223,"8","8.875",,"2","0.01698978089911266","Active",,277.99,
"Samsung T-Mobile SGH-M919ZWATMB","291624102311","http://ebay.com/itm/291624102311","New","Electronics","phonestoreusa","Jana Marcy","","184.99","",2219,"12","57.58333333333334",,"11","0.04703270084779976","Active",,184.99,
"Garmin Fenix 2 Multisport Training GPS Watch 010-01040-60 Sport Bluetooth","321981806805","http://ebay.com/itm/321981806805","New","Lifestyle","northwest-outdoor","Deb Nahvi","","139.95","",2209,"13","262.5384615384615",,"13","0.03138953859238783","Active",399.99,139.95,
"BlackBerry Z10 - 16GB - Black (Unlocked) Smartphone","172054706669","http://ebay.com/itm/172054706669","New","Electronics","qualitycellz","Jason Chin","","129.99","",2209,"17","97.41176470588235",,"14","0.04942278299892686","Active",,129.99,
"GoPro CHDHY-401","301843066486","http://ebay.com/itm/301843066486","New","Electronics","47st.photo","Aaron Schultz","","439.98","",2199,"5","110.8",,"5","0.03646726088447035","Active",,439.98,
"Lenovo Z51 80K601CSUS 15.6"" Laptop Intel Core i5 5200U 2.20 GHz 1 TB HDD 4 G","301833279680","http://ebay.com/itm/301833279680","New","Electronics","newegg","Jay Wong","","449.99","",2199,"5","40.4",,"3","0.0422244721112015","This item is out of stock.","","",""
"Labels 8.5x5.5 4000 Shipping 8.5x5.5 Half-Sheet Self Adhesive VM Brand Labels","290991125008","http://ebay.com/itm/290991125008","New","Business & Industrial","threerb","Bradley Castle","175.96","87.98","0.5",2199,"25","3",,"21","0.007779267021377415","Active",175.96,87.98,
"Stainless Steel Commercial Kitchen Work Food Prep Table - 24"" x 48""","371326198810","http://ebay.com/itm/371326198810","New","Business & Industrial","assortedtools","Laura Kelleher","381.99","95.29000000000001","0.7505432079373805",2191,"23","19.21739130434782",,"17","0.01679963448494007","Active",381.99,95.29,
"Automatic Opening Clamshell Heat Press Sublimation Machine 16"" x 20"" - Silver","351515497764","http://ebay.com/itm/351515497764","New","Business & Industrial","assortedtools","Laura Kelleher","","312.89","",2190,"7","30",,"6","0.01679963448494007","Active",1235.99,312.89,
"Milwaukee 2646-21CT M18 2 Speed Grease Gun Kit Electric Misc Power Tools","131021519149","http://ebay.com/itm/131021519149","New","Home & Garden","goodplace2shop","Andy Gallup","269","240.99","0.1041263940520446",2168,"9","24.66666666666667",,"8","0.02876168473776682","Active",,240.99,
"Flash Furniture Executive Side Chair or Reception Chair with Mahogany Legs Black","301652556574","http://ebay.com/itm/301652556574","New","Home & Garden","overstock","Andy Gallup","","108.05","",2161,"20","0.6",,"1","0.04068201646246634","Active",212.79,108.05,
"Kirby Sentria G10 Cleaner","400902991089","http://ebay.com/itm/400902991089","Refurbished","Home & Garden","great-vacs","Andy Gallup","","359.99","",2159,"6","80.66666666666667",,"6","0.03159645232815964","Active",,359.99,
"Elevation Training Mask 2.0 - (All Sizes - S M L) - High Altitude Simulation","361141747321","http://ebay.com/itm/361141747321","New","Lifestyle","forzasports","Brendan Biggers","","79.98999999999999","",2159,"27","33.62962962962963",,"25","0.01766600538579327","Active",,79.99,
"Leaning Shelf Bookcase With Computer Desk Office Furniture Home Desk Solid Wood","310940859908","http://ebay.com/itm/310940859908","New","Home & Garden","bestchoiceproducts","Thomas Benge","249.95","119.95","0.5201040208041608",2159,"18","134.9444444444445",,"18","0.0275042526174561","Active",249.95,119.95,
"Canon EF-S 9519B002 10-18mm F/4.5-5.6 EF-S IS STM Lens","221924875569","http://ebay.com/itm/221924875569","New","Electronics","redtagcamera","Greg George","","269.99","",2159,"8","16.625",,"8","0.02204228520017994","Active",,269.99,
"LG WDP4W 14"" Laundry Pedestal with Drawer - White","121869902765","http://ebay.com/itm/121869902765","Refurbished","Home & Garden","refurbking","Anne Weisman","","179.99","",2159,"12","17.83333333333333",,"8","0.04880676168379185","Active",,179.99,
"Slim 2.4GHz Wireless Optical Mouse Cordless Mice USB 2.0 Receiver For Laptop PC","401018826543","http://ebay.com/itm/401018826543","New","Electronics","thebatterymonster","Bryan Bellew","","5.99","",2144,"358","7.463687150837989",,"335","0.02108333601432723","Active",,5.99,
"Toshiba C55-B5298 15.6"" (500 GB Intel Celeron Dual-Core 2.16 GHz 4 GB) Notebook - Black - PSCMLU-03601M","351629249984","http://ebay.com/itm/351629249984","New","Electronics","blinq","Greg George","","214.49","",2144,"10","251.7",,"5","0.05710555165490312","Active",309.99,214.49,
"Nikon Nikkor 35mm F/1.8 G SWM AS RF DX AF-S M/A Lens","221527199313","http://ebay.com/itm/221527199313","New","Electronics","redtagcamera","Greg George","196.95","165.95","0.1574003554201574",2144,"13","34.61538461538461",,"13","0.02204228520017994","Active",,165.95,
"36"" Aluminum Truck Underbody Tool Box Trailer RV Tool Storage Under Bed w/Lock","321859984130","http://ebay.com/itm/321859984130","New","Parts & Accessories","durapowers","Anne Weisman","","108.05","",2139,"22","31.72727272727273",,"10","0.02981678006641432","Active",,109.05,
"HP P1A84UA#ABA","272054753171","http://ebay.com/itm/272054753171","New","Electronics","digjungle","Scott Lacharite","","449.99","",2139,"5","126.2",,"1","0.04613686534216335","Active",699.99,449.99,
"Privacy Anti-Spy REAL Tempered Glass Screen Protector for 5.5"" iPhone 6 Plus","331714643468","http://ebay.com/itm/331714643468","New","Electronics","bateryconnection","Bryan Bellew","","4.95","",2118,"428","10.19392523364486",,"407","0.02199746997937348","Active",,4.95,
"New Intake Manifold Kit Ford Mustang Thunderbird Lincoln Town Car Cougar","351406777167","http://ebay.com/itm/351406777167","New","Parts & Accessories","carpartswholesale","Ben Schneider","316.53","133.45","0.5783969923861877",2116,"16","25.5625",,"16","0.030672001317419","Active",,133.45,
"Samsung Galaxy Tab S2 SM-T810 32GB Wi-Fi 9.7in - Gold","201512405963","http://ebay.com/itm/201512405963","New","Electronics","best_buy","Debra Russell","","439.99","",2111,"6","42.33333333333334",,"6","0.07468316632574504","Active",,439.99,
"Zmodo HD 720P WiFi IP Camera IR Night 2-way Audio Mobile View 32GB Micro SD Card","221889497179","http://ebay.com/itm/221889497179","New","Electronics","afdsolutions","Deb Nahvi","69.98999999999999","39","0.4427775396485212",2106,"54","22.48148148148148",,"44","0.02363108908497522","Active",,39,
"Lowrance Elite-5 HDI Fishfinder Marine GPS Chartplotter 83 200 455 800 11145-001","321901277183","http://ebay.com/itm/321901277183","New","Lifestyle","northwest-outdoor","Deb Nahvi","499","299.95","0.3988977955911824",2099,"7","121.4285714285714",,"7","0.03138953859238783","Active",499,299.95,
"LEGO PALACE CINEMA SET 10232 modular building creator movie theater city","301560023309","http://ebay.com/itm/301560023309","New","Collectibles","targetstores","Mary Hubbard","","149.99","",2099,"14","17.78571428571428",,"6","0.03042629015862509","Active",,149.99,
"1000 9x12 VM Brand 2 Mil Poly Mailers Self Seal Plastic Bags Envelopes 100","381371678836","http://ebay.com/itm/381371678836","New","Business & Industrial","threerb","Bradley Castle","","35.49","",2093,"59","3.288135593220339",,"52","0.007779267021377415","Active",,35.49,
"CUSTOM OtterBox Defender for iPhone 6 6S PLUS Black & Pink Bold Stripes Apple iPhone 6 - Grey White","321862012065","http://ebay.com/itm/321862012065","New","Electronics","slkcellular","KellyJo McIntyre","","22.49","",2089,"102","20.00980392156863",,"96","0.02024028222594333","Active",,22.49,
"Apple iPad 4th Generation 9.7"" Retina display 32GB WiFi + 4G GSM UNLOCKED Tablet","331664884480","http://ebay.com/itm/331664884480","New","Electronics","buyspry","Scott Lacharite","729","299.99","0.5884910836762689",2084,"7","104.2857142857143",,"1","0.04526665081144747","This item is out of stock.","","",""
"Salon Beau Gel Curing Nail Polish UV Lamp 36W Acrylic Timer Light Manicure Dryer","371410160526","http://ebay.com/itm/371410160526","New","Fashion","batterygallery","Bryan Bellew","","14.99","",2083,"139","13.16546762589928",,"109","0.0208989361458319","Active",,14.99,
"Canon imageFORMULA ScanFront 300 Scanner","361385501547","http://ebay.com/itm/361385501547","Refurbished","Electronics","epcsales","Deirdre Gibbs","640","160","0.75",2080,"13","19.61538461538462",,"8","0.03874276983520681","Active",,640,
"10pcs 86 RGB LED Stage Light Par DMX-512 Lighting Laser Projector Party Club DJ","400765328272","http://ebay.com/itm/400765328272","New","Electronics","gold3288gold","Dustin Waterfall","311.9","129.95","0.5833600512984931",2079,"16","37.1875",,"16","0.02228884631634998","Active",259.9,129.95,
"Seagate Backup Plus 5 TBExternal5900 RPM (STDT5000100) Hard Drive","381513913429","http://ebay.com/itm/381513913429","Refurbished","Electronics","newegg","Jay Wong","","129.99","",2079,"16","34.9375",,"13","0.0422244721112015","Active",149.99,129.99,
"Writing Desk Mission White Home Office Computer Desk Solid Wood Construction","310787264990","http://ebay.com/itm/310787264990","New","Home & Garden","bestchoiceproducts","Thomas Benge","299.95","159.95","0.4667444574095683",2079,"13","42.76923076923077",,"9","0.0275042526174561","Active",299.95,159.95,
"Nikon D D3300 24.2 MP Digital SLR Camera - Black (Kit w/ AF-S DX 18-55mm VR II Lens)","301754882663","http://ebay.com/itm/301754882663","New","Electronics","allnewshop","Debra Russell","749.99","414.99","0.4466726223016307",2074,"5","21",,"5","0.02071097372488408","Active",,414.99,
"Eternity Aqua by Calvin Klein for Men - 3.4 oz EDT Spray Tester","361134994863","http://ebay.com/itm/361134994863","New","Fashion","perfume_empire1","Jeremy Miller","64.51000000000001","19.19","0.7025267400403039",2072,"113","40.89380530973451",,"111","0.01542608679597131","Active",64.99,15.99,
"1000 0 6x10 Poly Bubble Mailers Envelopes Cd Dvd Vmb 6.5 X 8.5 Bags","380826457846","http://ebay.com/itm/380826457846","New","Business & Industrial","threerb","Bradley Castle","232.92","114.75","0.5073415765069551",2065,"18","2.166666666666667",,"12","0.007779267021377415","Active",232.92,114.75,
"Optima Batteries Group 34 78 Red Top Dual Post 8004-003","361230610041","http://ebay.com/itm/361230610041","New","Parts & Accessories","uspartsoutlet","Bradley Fry","240.09","158.67","0.3391228289391479",2062,"13","45.38461538461539",,"12","0.01458831568158524","Active",,158.67,
"Sigma EX DC OS HSM 17-50mm f/2.8 Lens For Nikon","161846419869","http://ebay.com/itm/161846419869","New","Electronics","deals-all-year","Jason Chin","501.89","293.99","0.4142341947438681",2057,"7","39.57142857142857",,"6","0.02930708486264042","Active",,293.99,
"#5 Poly 10.5x16  Bubble Mailers Padded Envelopes 100 ","300536849860","http://ebay.com/itm/300536849860","New","Business & Industrial","threerb","Bradley Castle","52.5","28.95","0.4485714285714286",2055,"71","2.394366197183099",,"61","0.007779267021377415","Active",52.5,28.95,
"Folding Inversion Table - Anti Gravity Back Fitness Therapy Relief","271923859952","http://ebay.com/itm/271923859952","New","Lifestyle","leadingliving","Laura Kelleher","","102.69","",2053,"20","18.65",,"19","0.02222627903792616","Active",410.99,102.69,
"120x120x78 Mylar 600D Reflective Grow Tent Non Toxic Hydroponic 10x10x6 Room Box","381207065835","http://ebay.com/itm/381207065835","New","Home & Garden","apluschoice","Thomas Benge","733.9","339.9","0.5368578825453059",2039,"6","73.66666666666667",,"6","0.02573192196137733","Active",714.9,339.9,
"Samsung BD-J5100 3D Blu-ray Disc Player Upscaling Ethernet BD-J5100 ZA","331689481735","http://ebay.com/itm/331689481735","Refurbished","Electronics","worldsbestdeals","Deb Nahvi","69.98999999999999","29.99","0.5715102157451065",2039,"68","29.38235294117647",,"65","0.01417024332403681","Active",69.99,29.99,
"Nikon Nikkor 35mm F/1.8 G SWM AS RF DX AF-S M/A Lens","181442940824","http://ebay.com/itm/181442940824","New","Electronics","photovideo4less","Deb Nahvi","299.95","169.95","0.4334055675945991",2039,"12","51.58333333333334",,"12","0.01798086440118773","Active",299.95,169.95,
"GoPro CHDHS-101","271988381491","http://ebay.com/itm/271988381491","New","Electronics","47st.photo","Aaron Schultz","","289.99","",2029,"7","32.71428571428572",,"2","0.03646726088447035","Active",,289.99,
"3000 PSI Electric High Pressure Washer Burst Sprayer 2000W Built-In Detergent HD","371117338046","http://ebay.com/itm/371117338046","New","Home & Garden","id-rack","Anne Weisman","399.99","134.99","0.6625165629140728",2024,"15","39",,"15","0.02809103260869565","Active",399.99,134.99,
"Digital Clamshell Heat Press Transfer T-Shirt Sublimation Machine 16"" x 20""","301640348858","http://ebay.com/itm/301640348858","New","Business & Industrial","assortedtools","Laura Kelleher","","224.99","",2024,"9","31.11111111111111",,"6","0.01679963448494007","Active",887.99,224.99,
"Pet Dog Cat Cage Crate Kennel and Bed Cushion Warm Soft Cozy House Large","400928882910","http://ebay.com/itm/400928882910","New","Home & Garden","covershield","Mike Fletcher","219.9","44.96","0.7955434288312869",2023,"45","40.91111111111111",,"45","0.03634540949841295","Active",219.9,44.96,
"For Samsung Galaxy S6/S6 Edge/Note 5 Qi Wireless Charger Charging Pad","331720253117","http://ebay.com/itm/331720253117","New","Electronics","bateryconnection","Bryan Bellew","","7.95","",2019,"254","20.2992125984252",,"225","0.02199746997937348","Active",,7.95,
"one 1 hankook dynapro at tire 225 70 r 16 225 70 16 225 70 16 2257016 198","361473325307","http://ebay.com/itm/361473325307","New","Parts & Accessories","discounttiredirect","Todd Elledge","","356","",2016,"7","43.28571428571428",,"7","0.01317679265107043","Active",,356,
"Optima Batteries Group 34 Red Top Automotive Post 8002-002","161419476584","http://ebay.com/itm/161419476584","New","Parts & Accessories","uspartsoutlet","Bradley Fry","209.99","155.15","0.2611552931091957",2016,"13","12.15384615384615",,"8","0.01458831568158524","Active",,155.15,
"INTEX Queen Pillow Rest Airbed Raised Air Mattress Bed with Pump | 67737E","390966761865","http://ebay.com/itm/390966761865","New","Home & Garden","vminnovations","Thomas Benge","119.99","42.99","0.6417201433452788",2015,"48","44.64583333333334",,"46","0.01691695351935678","Active",119.99,42.99,
"36 Rolls Clear Box Carton Sealing Packing Tape Shipping - 2 mil 2"" x 110 Yards","261859716790","http://ebay.com/itm/261859716790","New","Business & Industrial","expertshipper","Laura Kelleher","157.99","39.49","0.7500474713589467",2013,"51","3.843137254901961",,"46","0.01208824418253249","Active",157.99,39.49,
"Stainless Steel Commercial Kitchen Work Food Prep Table - 24"" x 48""","351543914923","http://ebay.com/itm/351543914923","New","Business & Industrial","assortedtools","Laura Kelleher","","134.09","",2011,"15","7.333333333333333",,"5","0.01679963448494007","Active",527.99,134.09,
"Commercial Stainless Steel Hand Wash Washing Wall Mount Sink Kitchen","351398349116","http://ebay.com/itm/351398349116","New","Business & Industrial","assortedtools","Laura Kelleher","149.99","60.79","0.5947063137542503",2006,"33","6.393939393939394",,"21","0.01679963448494007","This item is out of stock.","","",""